date,valeurs.demandeTotal
2022-10-28T00:00:00,17810.0
2022-10-28T00:15:00,17535.0
2022-10-28T00:30:00,17657.0
2022-10-28T00:45:00,17863.0
2022-10-28T01:00:00,17830.0
2022-10-28T01:15:00,17736.0
2022-10-28T01:30:00,17596.0
2022-10-28T01:45:00,17729.0
2022-10-28T02:00:00,17733.0
2022-10-28T02:15:00,17739.0
2022-10-28T02:30:00,17707.0
2022-10-28T02:45:00,17672.0
2022-10-28T03:00:00,17863.0
2022-10-28T03:15:00,18099.0
2022-10-28T03:30:00,18144.0
2022-10-28T03:45:00,18204.0
2022-10-28T04:00:00,18235.0
2022-10-28T04:15:00,18480.0
2022-10-28T04:30:00,18448.0
2022-10-28T04:45:00,18737.0
2022-10-28T05:00:00,18720.0
2022-10-28T05:15:00,19168.0
2022-10-28T05:30:00,19465.0
2022-10-28T05:45:00,19969.0
2022-10-28T06:00:00,20426.0
2022-10-28T06:15:00,21091.0
2022-10-28T06:30:00,21578.0
2022-10-28T06:45:00,22122.0
2022-10-28T07:00:00,22544.0
2022-10-28T07:15:00,22916.0
2022-10-28T07:30:00,23133.0
2022-10-28T07:45:00,23266.0
2022-10-28T08:00:00,23274.0
2022-10-28T08:15:00,23273.0
2022-10-28T08:30:00,23143.0
2022-10-28T08:45:00,22965.0
2022-10-28T09:00:00,22733.0
2022-10-28T09:15:00,22390.0
2022-10-28T09:30:00,22073.0
2022-10-28T09:45:00,21946.0
2022-10-28T10:00:00,21858.0
2022-10-28T10:15:00,21484.0
2022-10-28T10:30:00,21378.0
2022-10-28T10:45:00,21220.0
2022-10-28T11:00:00,20946.0
2022-10-28T11:15:00,20899.0
2022-10-28T11:30:00,20822.0
2022-10-28T11:45:00,20713.0
2022-10-28T12:00:00,20498.0
2022-10-28T12:15:00,20452.0
2022-10-28T12:30:00,20238.0
2022-10-28T12:45:00,20031.0
2022-10-28T13:00:00,19954.0
2022-10-28T13:15:00,20036.0
2022-10-28T13:30:00,19716.0
2022-10-28T13:45:00,19701.0
2022-10-28T14:00:00,19502.0
2022-10-28T14:15:00,19347.0
2022-10-28T14:30:00,19278.0
2022-10-28T14:45:00,19503.0
2022-10-28T15:00:00,19387.0
2022-10-28T15:15:00,19398.0
2022-10-28T15:30:00,19246.0
2022-10-28T15:45:00,19432.0
2022-10-28T16:00:00,19396.0
2022-10-28T16:15:00,19706.0
2022-10-28T16:30:00,19786.0
2022-10-28T16:45:00,19882.0
2022-10-28T17:00:00,20218.0
2022-10-28T17:15:00,20544.0
2022-10-28T17:30:00,20885.0
2022-10-28T17:45:00,20992.0
2022-10-28T18:00:00,21386.0
2022-10-28T18:15:00,21441.0
2022-10-28T18:30:00,21553.0
2022-10-28T18:45:00,21292.0
2022-10-28T19:00:00,21382.0
2022-10-28T19:15:00,21227.0
2022-10-28T19:30:00,21053.0
2022-10-28T19:45:00,20995.0
2022-10-28T20:00:00,20883.0
2022-10-28T20:15:00,20901.0
2022-10-28T20:30:00,20724.0
2022-10-28T20:45:00,20697.0
2022-10-28T21:00:00,20397.0
2022-10-28T21:15:00,20261.0
2022-10-28T21:30:00,20399.0
2022-10-28T21:45:00,20273.0
2022-10-28T22:00:00,20143.0
2022-10-28T22:15:00,19644.0
2022-10-28T22:30:00,19645.0
2022-10-28T22:45:00,19642.0
2022-10-28T23:00:00,19468.0
2022-10-28T23:15:00,19203.0
2022-10-28T23:30:00,18886.0
2022-10-28T23:45:00,18703.0
2022-10-29T00:00:00,18731.0
2022-10-29T00:15:00,18666.0
2022-10-29T00:30:00,18571.0
2022-10-29T00:45:00,18347.0
2022-10-29T01:00:00,18546.0
2022-10-29T01:15:00,18532.0
2022-10-29T01:30:00,18555.0
2022-10-29T01:45:00,18289.0
2022-10-29T02:00:00,18340.0
2022-10-29T02:15:00,18582.0
2022-10-29T02:30:00,18621.0
2022-10-29T02:45:00,18577.0
2022-10-29T03:00:00,18529.0
2022-10-29T03:15:00,18548.0
2022-10-29T03:30:00,18743.0
2022-10-29T03:45:00,18840.0
2022-10-29T04:00:00,18914.0
2022-10-29T04:15:00,18844.0
2022-10-29T04:30:00,18950.0
2022-10-29T04:45:00,19030.0
2022-10-29T05:00:00,19144.0
2022-10-29T05:15:00,19409.0
2022-10-29T05:30:00,19551.0
2022-10-29T05:45:00,19636.0
2022-10-29T06:00:00,19774.0
2022-10-29T06:15:00,20271.0
2022-10-29T06:30:00,20497.0
2022-10-29T06:45:00,20822.0
2022-10-29T07:00:00,20916.0
2022-10-29T07:15:00,21281.0
2022-10-29T07:30:00,21455.0
2022-10-29T07:45:00,21725.0
2022-10-29T08:00:00,21834.0
2022-10-29T08:15:00,21758.0
2022-10-29T08:30:00,21730.0
2022-10-29T08:45:00,21653.0
2022-10-29T09:00:00,21626.0
2022-10-29T09:15:00,
2022-10-29T09:30:00,
2022-10-29T09:45:00,
2022-10-29T10:00:00,
2022-10-29T10:15:00,
2022-10-29T10:30:00,
2022-10-29T10:45:00,
2022-10-29T11:00:00,
2022-10-29T11:15:00,
2022-10-29T11:30:00,
2022-10-29T11:45:00,
2022-10-29T12:00:00,
2022-10-29T12:15:00,
2022-10-29T12:30:00,
2022-10-29T12:45:00,
2022-10-29T13:00:00,
2022-10-29T13:15:00,
2022-10-29T13:30:00,
2022-10-29T13:45:00,
2022-10-29T14:00:00,
2022-10-29T14:15:00,
2022-10-29T14:30:00,
2022-10-29T14:45:00,
2022-10-29T15:00:00,
2022-10-29T15:15:00,
2022-10-29T15:30:00,
2022-10-29T15:45:00,
2022-10-29T16:00:00,
2022-10-29T16:15:00,
2022-10-29T16:30:00,
2022-10-29T16:45:00,
2022-10-29T17:00:00,
2022-10-29T17:15:00,
2022-10-29T17:30:00,
2022-10-29T17:45:00,
2022-10-29T18:00:00,
2022-10-29T18:15:00,
2022-10-29T18:30:00,
2022-10-29T18:45:00,
2022-10-29T19:00:00,
2022-10-29T19:15:00,
2022-10-29T19:30:00,
2022-10-29T19:45:00,
2022-10-29T20:00:00,
2022-10-29T20:15:00,
2022-10-29T20:30:00,
2022-10-29T20:45:00,
2022-10-29T21:00:00,
2022-10-29T21:15:00,
2022-10-29T21:30:00,
2022-10-29T21:45:00,
2022-10-29T22:00:00,
2022-10-29T22:15:00,
2022-10-29T22:30:00,
2022-10-29T22:45:00,
2022-10-29T23:00:00,
2022-10-29T23:15:00,
2022-10-29T23:30:00,
2022-10-29T23:45:00,
